purchase_month,category,delivered_orders,items_sold,product_revenue
2016-09-01,health_beauty,1,3,134.97
2016-10-01,furniture_decor,49,65,5690.52
2016-10-01,perfumery,26,29,4829.1
2016-10-01,toys,22,24,4106.5
2016-10-01,consoles_games,7,7,3619.36
2016-10-01,health_beauty,36,40,3439.25
2016-10-01,watches_gifts,4,4,2711.07
2016-10-01,sports_leisure,17,17,2012.15
2016-10-01,baby,9,11,1371.17
2016-10-01,garden_tools,5,5,1359.88
2016-10-01,air_conditioning,4,8,1349.29
2016-10-01,office_furniture,6,6,1300.88
2016-10-01,housewares,9,12,1287.07
2016-10-01,auto,8,8,1128.26
2016-10-01,cool_stuff,7,7,1046.1
2016-10-01,market_place,5,11,915.29
2016-10-01,fixed_telephony,5,5,704.88
2016-10-01,pet_shop,4,4,689.68
2016-10-01,computers_accessories,12,12,669.02
2016-10-01,bed_bath_table,5,8,478.99
2016-10-01,fashion_bags_accessories,7,8,373.3
2016-10-01,industry_commerce_and_business,3,4,359.6
2016-10-01,telephony,7,8,228.29
2016-10-01,audio,2,2,156.99
2016-10-01,diapers_and_hygiene,1,1,134.9
2016-10-01,electronics,1,1,107.99
2016-10-01,food,1,1,79.9
2016-10-01,unknown,2,2,65.89
2016-10-01,fashio_female_clothing,1,1,54.9
2016-10-01,fashion_shoes,1,1,29.99
2016-10-01,fashion_male_clothing,1,1,24.9
2016-12-01,fashion_bags_accessories,1,1,10.9
2017-01-01,furniture_decor,132,177,13036.63
2017-01-01,health_beauty,79,82,12366.44
2017-01-01,sports_leisure,57,74,9212.14
2017-01-01,watches_gifts,11,11,8086.52
2017-01-01,garden_tools,36,54,7466.95
2017-01-01,cool_stuff,30,37,6856.87
2017-01-01,baby,31,40,6217.88
2017-01-01,perfumery,29,34,5112.6
2017-01-01,auto,27,31,4820.03
2017-01-01,toys,41,41,4568.19
2017-01-01,consoles_games,19,21,4514.44
2017-01-01,computers_accessories,24,31,3924.14
2017-01-01,bed_bath_table,43,46,3804.36
2017-01-01,housewares,21,28,2827.58
2017-01-01,computers,1,1,2199.99
2017-01-01,home_appliances_2,6,7,1916.78
2017-01-01,fashion_bags_accessories,30,35,1671.97
2017-01-01,small_appliances,6,6,1660.79
2017-01-01,unknown,10,12,1603.64
2017-01-01,stationery,7,14,1561.99
2017-01-01,furniture_living_room,8,10,1241.9
2017-01-01,office_furniture,6,8,1158.35
2017-01-01,pet_shop,12,14,799.12
2017-01-01,telephony,17,22,755.94
2017-01-01,fixed_telephony,19,22,677.12
2017-01-01,air_conditioning,3,4,663.7
2017-01-01,electronics,11,11,617.0
2017-01-01,luggage_accessories,4,5,492.5
2017-01-01,market_place,5,5,414.14
2017-01-01,musical_instruments,1,1,339.74
2017-01-01,books_general_interest,2,2,234.89
2017-01-01,security_and_services,1,1,183.29
2017-01-01,fashion_underwear_beach,2,2,137.25
2017-01-01,fashion_male_clothing,1,1,126.9
2017-01-01,kitchen_dining_laundry_garden_furniture,1,1,110.0
2017-01-01,fashio_female_clothing,2,2,77.3
2017-01-01,furniture_bedroom,8,8,73.2
2017-01-01,home_comfort_2,2,2,72.8
2017-01-01,agro_industry_and_commerce,2,3,65.97
2017-01-01,food,2,2,42.82
2017-01-01,fashion_shoes,1,1,34.9
2017-01-01,dvds_blu_ray,1,2,29.8
2017-01-01,music,2,2,19.8
2017-02-01,health_beauty,143,154,22059.92
2017-02-01,furniture_decor,213,257,19926.41
2017-02-01,sports_leisure,134,149,15629.98
2017-02-01,bed_bath_table,140,157,15572.13
2017-02-01,cool_stuff,68,69,12454.6
2017-02-01,auto,75,83,12358.78
2017-02-01,garden_tools,60,69,11734.62
2017-02-01,computers_accessories,92,100,11319.09
2017-02-01,housewares,61,69,11295.34
2017-02-01,watches_gifts,32,33,10992.39
2017-02-01,office_furniture,52,62,10845.98
2017-02-01,toys,61,66,9353.44
2017-02-01,unknown,50,56,8521.11
2017-02-01,perfumery,47,49,8040.38
2017-02-01,small_appliances,25,28,7251.58
2017-02-01,telephony,95,106,6693.34
2017-02-01,consoles_games,18,18,4294.77
2017-02-01,pet_shop,36,39,3584.87
2017-02-01,computers,1,1,3549.0
2017-02-01,furniture_living_room,12,21,3409.64
2017-02-01,baby,31,32,2837.58
2017-02-01,air_conditioning,11,11,2405.3
2017-02-01,stationery,19,19,2341.4
2017-02-01,musical_instruments,8,9,2221.28
2017-02-01,fashion_bags_accessories,32,36,2170.31
2017-02-01,luggage_accessories,19,20,1659.19
2017-02-01,market_place,17,20,1574.22
2017-02-01,electronics,14,19,1218.85
2017-02-01,tablets_printing_image,8,8,792.0
2017-02-01,books_general_interest,8,8,772.71
2017-02-01,fixed_telephony,18,22,759.23
2017-02-01,home_appliances,7,7,740.9
2017-02-01,home_construction,3,4,695.6
2017-02-01,food,8,8,676.73
2017-02-01,costruction_tools_garden,1,2,579.98
2017-02-01,fashion_male_clothing,6,6,545.95
2017-02-01,furniture_bedroom,1,1,450.0
2017-02-01,home_confort,3,3,414.66
2017-02-01,fashion_underwear_beach,6,8,396.97
2017-02-01,construction_tools_safety,1,1,379.0
2017-02-01,fashio_female_clothing,3,3,363.9
2017-02-01,construction_tools_construction,3,3,336.79
2017-02-01,agro_industry_and_commerce,7,7,224.84
2017-02-01,audio,5,5,163.8
2017-02-01,books_technical,1,1,159.0
2017-02-01,kitchen_dining_laundry_garden_furniture,2,2,139.9
2017-02-01,industry_commerce_and_business,1,1,119.0
2017-02-01,fashion_shoes,2,3,107.05
2017-02-01,cine_photo,1,1,59.0
2017-02-01,home_appliances_2,1,1,15.99
2017-02-01,dvds_blu_ray,1,1,14.9
2017-03-01,computers_accessories,147,171,28078.8
2017-03-01,health_beauty,190,208,25652.45
2017-03-01,sports_leisure,164,190,25472.89
2017-03-01,bed_bath_table,239,279,25120.02
2017-03-01,watches_gifts,74,79,24892.38
2017-03-01,garden_tools,117,146,23508.76
2017-03-01,furniture_decor,253,315,22133.47
2017-03-01,cool_stuff,116,118,20583.33
2017-03-01,perfumery,103,105,19608.14
2017-03-01,auto,67,78,13272.93
2017-03-01,housewares,170,196,12906.96
2017-03-01,toys,99,102,12339.57
2017-03-01,small_appliances,31,31,11171.06
2017-03-01,office_furniture,58,74,10793.85
2017-03-01,consoles_games,45,47,9834.04
2017-03-01,pet_shop,40,44,8240.06
2017-03-01,telephony,153,165,7877.12
2017-03-01,unknown,54,60,6457.17
2017-03-01,luggage_accessories,35,38,5924.01
2017-03-01,stationery,56,56,5902.62
2017-03-01,fashion_bags_accessories,60,66,4786.36
2017-03-01,air_conditioning,16,17,4103.81
2017-03-01,electronics,32,37,3986.0
2017-03-01,baby,41,42,3592.28
2017-03-01,furniture_living_room,17,24,3324.0
2017-03-01,books_general_interest,19,24,2533.96
2017-03-01,food,19,21,2412.66
2017-03-01,home_confort,12,13,2123.4
2017-03-01,market_place,17,17,1808.59
2017-03-01,musical_instruments,9,10,1667.33
2017-03-01,fashion_shoes,13,14,1515.0
2017-03-01,fixed_telephony,14,20,1333.45
2017-03-01,audio,13,14,1134.77
2017-03-01,home_construction,5,10,591.96
2017-03-01,fashion_male_clothing,7,9,580.8
2017-03-01,home_appliances_2,2,2,500.9
2017-03-01,tablets_printing_image,5,5,495.0
2017-03-01,drinks,4,5,463.87
2017-03-01,dvds_blu_ray,3,4,453.7
2017-03-01,fashion_underwear_beach,6,6,394.14
2017-03-01,home_comfort_2,3,3,342.88
2017-03-01,home_appliances,9,10,313.3
2017-03-01,industry_commerce_and_business,2,2,238.0
2017-03-01,art,4,4,174.6
2017-03-01,kitchen_dining_laundry_garden_furniture,3,3,113.98
2017-03-01,food_drink,4,4,85.8
2017-03-01,agro_industry_and_commerce,2,2,81.99
2017-03-01,books_technical,2,2,75.0
2017-03-01,signaling_and_security,1,1,75.0
2017-03-01,fashion_sport,1,1,39.9
2017-03-01,construction_tools_construction,1,1,38.9
2017-03-01,music,1,1,27.99
2017-03-01,fashio_female_clothing,1,1,19.9
2017-04-01,bed_bath_table,231,271,24092.89
2017-04-01,watches_gifts,88,95,23336.09
2017-04-01,small_appliances,20,20,23114.98
2017-04-01,sports_leisure,184,203,22997.06
2017-04-01,health_beauty,168,180,22156.34
2017-04-01,cool_stuff,112,114,20902.39
2017-04-01,perfumery,97,101,19436.51
2017-04-01,furniture_decor,162,191,19211.23
2017-04-01,computers_accessories,116,132,18353.46
2017-04-01,garden_tools,93,108,17648.93
2017-04-01,auto,77,84,15149.32
2017-04-01,toys,103,113,13039.43
2017-04-01,housewares,134,169,12472.18
2017-04-01,office_furniture,48,58,9411.3
2017-04-01,unknown,61,69,8448.19
2017-04-01,telephony,138,142,7133.94
2017-04-01,luggage_accessories,46,48,7090.3
2017-04-01,pet_shop,46,51,6182.89
2017-04-01,electronics,47,48,4822.24
2017-04-01,stationery,35,35,4551.44
2017-04-01,market_place,19,19,4045.28
2017-04-01,baby,47,50,3930.55
2017-04-01,musical_instruments,16,16,3818.43
2017-04-01,consoles_games,15,17,3772.88
2017-04-01,fashion_bags_accessories,44,48,3095.9
2017-04-01,air_conditioning,13,15,2492.23
2017-04-01,home_confort,16,17,2411.1
2017-04-01,furniture_living_room,11,12,2073.34
2017-04-01,home_construction,5,5,1602.69
2017-04-01,fashion_shoes,20,23,1526.5
2017-04-01,costruction_tools_garden,7,8,1490.21
2017-04-01,dvds_blu_ray,2,2,1434.9
2017-04-01,tablets_printing_image,9,11,1112.88
2017-04-01,kitchen_dining_laundry_garden_furniture,8,9,1033.4
2017-04-01,audio,9,11,942.2
2017-04-01,books_general_interest,12,12,923.38
2017-04-01,home_appliances_2,2,2,799.8
2017-04-01,costruction_tools_tools,1,1,729.0
2017-04-01,furniture_bedroom,3,3,628.98
2017-04-01,fixed_telephony,6,6,505.83
2017-04-01,home_appliances,9,10,499.4
2017-04-01,food,8,8,491.3
2017-04-01,fashion_male_clothing,5,5,366.89
2017-04-01,pc_gamer,2,2,259.98
2017-04-01,fashion_sport,4,4,189.78
2017-04-01,signaling_and_security,3,3,128.06
2017-04-01,art,1,1,119.9
2017-04-01,cine_photo,2,2,118.0
2017-04-01,furniture_mattress_and_upholstery,1,1,109.4
2017-04-01,fashion_underwear_beach,3,3,92.89
2017-04-01,books_technical,1,1,75.0
2017-04-01,christmas_supplies,1,1,69.0
2017-04-01,fashio_female_clothing,1,1,64.9
2017-04-01,music,2,2,59.8
2017-04-01,food_drink,2,3,47.9
2017-04-01,la_cuisine,1,1,24.0
2017-04-01,books_imported,1,1,19.99
2017-04-01,home_comfort_2,1,1,12.9
2017-05-01,health_beauty,261,284,46340.06
2017-05-01,computers_accessories,253,309,44759.39
2017-05-01,watches_gifts,120,129,36619.48
2017-05-01,sports_leisure,256,305,34101.73
2017-05-01,bed_bath_table,323,361,32684.6
2017-05-01,cool_stuff,230,241,32481.6
2017-05-01,furniture_decor,226,271,22312.54
2017-05-01,toys,192,196,22179.25
2017-05-01,housewares,259,302,21374.9
2017-05-01,garden_tools,121,138,20372.57
2017-05-01,perfumery,132,143,19982.06
2017-05-01,auto,99,113,17501.25
2017-05-01,luggage_accessories,64,70,12539.62
2017-05-01,unknown,82,91,10818.34
2017-05-01,musical_instruments,18,20,9639.44
2017-05-01,baby,96,102,8933.72
2017-05-01,telephony,196,214,8844.39
2017-05-01,office_furniture,42,56,8403.43
2017-05-01,pet_shop,66,73,8151.02
2017-05-01,fashion_bags_accessories,91,104,7192.0
2017-05-01,art,6,6,6927.25
2017-05-01,electronics,59,65,6149.11
2017-05-01,stationery,60,64,5600.18
2017-05-01,small_appliances,16,18,5241.44
2017-05-01,home_confort,32,35,5114.07
2017-05-01,furniture_living_room,27,32,4479.45
2017-05-01,consoles_games,26,29,2507.2
2017-05-01,market_place,21,22,2476.98
2017-05-01,furniture_bedroom,6,9,2369.97
2017-05-01,audio,17,17,2081.18
2017-05-01,home_appliances,28,28,1912.79
2017-05-01,books_general_interest,19,20,1841.57
2017-05-01,fashion_shoes,22,22,1669.54
2017-05-01,home_construction,5,7,1620.5
2017-05-01,agro_industry_and_commerce,4,4,1579.94
2017-05-01,tablets_printing_image,7,7,1514.98
2017-05-01,costruction_tools_garden,5,7,1447.34
2017-05-01,home_appliances_2,7,7,1306.05
2017-05-01,kitchen_dining_laundry_garden_furniture,9,9,1304.48
2017-05-01,air_conditioning,6,7,914.87
2017-05-01,costruction_tools_tools,2,2,803.9
2017-05-01,fashion_male_clothing,3,4,608.9
2017-05-01,furniture_mattress_and_upholstery,3,3,595.89
2017-05-01,industry_commerce_and_business,2,2,519.8
2017-05-01,signaling_and_security,3,4,508.85
2017-05-01,fixed_telephony,9,9,445.83
2017-05-01,food,3,3,387.9
2017-05-01,fashio_female_clothing,4,4,367.5
2017-05-01,food_drink,10,12,345.49
2017-05-01,fashion_underwear_beach,6,7,283.5
2017-05-01,books_technical,3,3,262.0
2017-05-01,la_cuisine,1,1,193.0
2017-05-01,pc_gamer,1,1,129.99
2017-05-01,fashion_sport,3,3,124.84
2017-05-01,fashion_childrens_clothes,1,1,110.0
2017-05-01,construction_tools_construction,1,1,99.99
2017-05-01,drinks,1,1,90.0
2017-05-01,dvds_blu_ray,4,4,89.6
2017-05-01,cine_photo,1,1,59.0
2017-05-01,arts_and_craftmanship,1,1,21.99
2017-06-01,cool_stuff,195,199,38109.61
2017-06-01,computers_accessories,212,254,36193.7
2017-06-01,bed_bath_table,324,369,33803.23
2017-06-01,sports_leisure,245,269,32066.93
2017-06-01,health_beauty,233,254,31676.81
2017-06-01,auto,101,110,29335.71
2017-06-01,watches_gifts,113,119,27337.63
2017-06-01,perfumery,140,148,23954.32
2017-06-01,housewares,280,321,22978.21
2017-06-01,furniture_decor,177,230,16614.29
2017-06-01,garden_tools,98,110,15447.09
2017-06-01,toys,150,156,15337.55
2017-06-01,small_appliances,23,23,9698.81
2017-06-01,luggage_accessories,59,60,8142.19
2017-06-01,baby,72,78,7864.74
2017-06-01,office_furniture,45,50,7279.13
2017-06-01,fashion_bags_accessories,75,81,6722.13
2017-06-01,telephony,148,157,6561.73
2017-06-01,consoles_games,26,29,5309.03
2017-06-01,pet_shop,60,63,5123.57
2017-06-01,musical_instruments,17,20,4993.05
2017-06-01,unknown,50,58,4902.4
2017-06-01,stationery,37,38,3493.57
2017-06-01,home_confort,17,17,2818.2
2017-06-01,home_appliances,42,43,2507.19
2017-06-01,air_conditioning,9,11,2084.48
2017-06-01,electronics,39,41,2060.04
2017-06-01,home_construction,4,8,1992.3
2017-06-01,books_general_interest,19,20,1922.18
2017-06-01,furniture_living_room,12,15,1713.3
2017-06-01,audio,11,11,1671.0
2017-06-01,agro_industry_and_commerce,1,1,1390.0
2017-06-01,fashion_shoes,16,19,1279.38
2017-06-01,market_place,15,16,1258.95
2017-06-01,home_appliances_2,6,6,1213.87
2017-06-01,music,4,4,1066.9
2017-06-01,fixed_telephony,12,12,933.67
2017-06-01,tablets_printing_image,6,6,594.0
2017-06-01,fashion_male_clothing,7,9,519.79
2017-06-01,fashion_sport,5,5,470.5
2017-06-01,costruction_tools_garden,3,4,434.69
2017-06-01,construction_tools_construction,4,8,376.37
2017-06-01,kitchen_dining_laundry_garden_furniture,4,4,374.8
2017-06-01,furniture_bedroom,2,2,308.99
2017-06-01,industry_commerce_and_business,2,2,276.97
2017-06-01,art,4,4,200.3
2017-06-01,christmas_supplies,2,3,184.7
2017-06-01,fashio_female_clothing,3,3,154.8
2017-06-01,food,1,1,149.9
2017-06-01,books_technical,2,2,145.9
2017-06-01,signaling_and_security,1,1,134.0
2017-06-01,pc_gamer,1,1,129.99
2017-06-01,dvds_blu_ray,4,4,126.69
2017-06-01,fashion_childrens_clothes,1,1,110.0
2017-06-01,books_imported,1,2,99.0
2017-06-01,cine_photo,1,1,79.0
2017-06-01,small_appliances_home_oven_and_coffee,1,1,71.9
2017-06-01,food_drink,2,2,57.4
2017-06-01,drinks,1,1,49.99
2017-06-01,home_comfort_2,1,1,12.9
2017-06-01,fashion_underwear_beach,1,1,3.9
2017-07-01,bed_bath_table,503,569,62786.96
2017-07-01,computers_accessories,268,320,38176.22
2017-07-01,cool_stuff,220,228,36653.46
2017-07-01,sports_leisure,327,375,36618.83
2017-07-01,health_beauty,270,308,34239.45
2017-07-01,watches_gifts,151,162,33702.42
2017-07-01,furniture_decor,249,314,24028.12
2017-07-01,toys,197,203,23956.84
2017-07-01,housewares,220,271,20251.53
2017-07-01,garden_tools,153,184,18951.3
2017-07-01,office_furniture,97,115,16892.61
2017-07-01,baby,121,125,15461.41
2017-07-01,auto,103,114,13886.85
2017-07-01,perfumery,115,121,12734.25
2017-07-01,telephony,135,143,9052.87
2017-07-01,luggage_accessories,72,73,8311.71
2017-07-01,musical_instruments,26,30,7282.59
2017-07-01,electronics,84,94,7266.04
2017-07-01,stationery,72,77,6906.85
2017-07-01,pet_shop,70,85,6575.97
2017-07-01,consoles_games,45,47,5411.24
2017-07-01,fashion_bags_accessories,80,86,5063.21
2017-07-01,home_confort,36,43,4563.85
2017-07-01,furniture_living_room,26,30,3826.12
2017-07-01,home_appliances,37,37,3671.99
2017-07-01,small_appliances,30,31,3587.23
2017-07-01,unknown,52,58,2967.86
2017-07-01,market_place,13,13,1573.38
2017-07-01,air_conditioning,5,5,1396.1
2017-07-01,kitchen_dining_laundry_garden_furniture,9,11,1316.5
2017-07-01,books_general_interest,12,13,1292.4
2017-07-01,fashion_shoes,18,19,1283.02
2017-07-01,agro_industry_and_commerce,1,1,1180.0
2017-07-01,furniture_bedroom,4,4,1077.99
2017-07-01,home_appliances_2,7,7,1033.99
2017-07-01,dvds_blu_ray,3,3,732.8
2017-07-01,fashion_male_clothing,8,9,719.99
2017-07-01,audio,6,6,673.69
2017-07-01,food,7,7,584.16
2017-07-01,construction_tools_construction,5,6,549.44
2017-07-01,books_technical,2,2,528.0
2017-07-01,signaling_and_security,4,5,475.91
2017-07-01,la_cuisine,4,4,469.99
2017-07-01,art,3,3,386.75
2017-07-01,construction_tools_lights,1,1,360.0
2017-07-01,costruction_tools_garden,7,8,347.58
2017-07-01,music,1,1,329.0
2017-07-01,fashio_female_clothing,4,4,310.7
2017-07-01,fashion_underwear_beach,3,3,274.8
2017-07-01,drinks,2,3,273.97
2017-07-01,industry_commerce_and_business,2,2,245.96
2017-07-01,cds_dvds_musicals,4,5,225.0
2017-07-01,fixed_telephony,8,9,218.73
2017-07-01,tablets_printing_image,2,2,198.0
2017-07-01,food_drink,7,8,168.2
2017-07-01,arts_and_craftmanship,1,1,129.9
2017-07-01,furniture_mattress_and_upholstery,1,1,109.4
2017-07-01,home_construction,1,2,93.6
2017-07-01,party_supplies,1,1,69.9
2017-07-01,fashion_sport,1,1,69.9
2017-07-01,christmas_supplies,2,2,65.09
2017-07-01,home_comfort_2,1,1,12.9
2017-08-01,bed_bath_table,442,506,56580.63
2017-08-01,health_beauty,338,352,49030.23
2017-08-01,sports_leisure,375,417,40624.77
2017-08-01,cool_stuff,235,256,38264.51
2017-08-01,watches_gifts,194,211,36170.95
2017-08-01,computers_accessories,290,341,33826.47
2017-08-01,furniture_decor,323,426,33595.89
2017-08-01,computers,28,28,32400.0
2017-08-01,housewares,245,280,23427.84
2017-08-01,garden_tools,194,233,22920.93
2017-08-01,baby,120,127,19160.1
2017-08-01,auto,128,161,18922.61
2017-08-01,toys,168,182,17675.37
2017-08-01,perfumery,117,127,13085.1
2017-08-01,telephony,127,132,10553.31
2017-08-01,pet_shop,75,89,10425.79
2017-08-01,office_furniture,46,58,9877.36
2017-08-01,consoles_games,79,84,8054.75
2017-08-01,musical_instruments,23,23,7089.55
2017-08-01,luggage_accessories,57,62,6533.1
2017-08-01,fashion_bags_accessories,85,95,6438.89
2017-08-01,stationery,75,80,6366.91
2017-08-01,unknown,64,75,4968.45
2017-08-01,small_appliances,32,36,4297.01
2017-08-01,air_conditioning,12,15,4271.73
2017-08-01,home_confort,24,28,4000.19
2017-08-01,home_appliances,42,42,3921.35
2017-08-01,home_appliances_2,15,15,3686.55
2017-08-01,fixed_telephony,14,20,3343.54
2017-08-01,electronics,52,56,2854.15
2017-08-01,furniture_living_room,21,23,2478.07
2017-08-01,books_general_interest,27,27,2275.0
2017-08-01,market_place,22,23,1937.39
2017-08-01,fashion_shoes,18,22,1491.69
2017-08-01,costruction_tools_garden,7,10,1286.19
2017-08-01,books_technical,9,9,1196.38
2017-08-01,construction_tools_construction,6,7,1180.0
2017-08-01,fashion_male_clothing,12,14,1175.06
2017-08-01,fashion_underwear_beach,13,13,1111.0
2017-08-01,audio,7,7,1050.7
2017-08-01,kitchen_dining_laundry_garden_furniture,7,7,1006.2
2017-08-01,industry_commerce_and_business,3,3,956.9
2017-08-01,furniture_bedroom,3,3,618.0
2017-08-01,construction_tools_lights,2,2,589.0
2017-08-01,furniture_mattress_and_upholstery,2,2,509.39
2017-08-01,food_drink,12,15,494.81
2017-08-01,tablets_printing_image,6,6,450.89
2017-08-01,signaling_and_security,4,4,377.8
2017-08-01,food,8,8,364.5
2017-08-01,la_cuisine,2,2,313.0
2017-08-01,fashion_sport,2,2,265.8
2017-08-01,art,4,4,244.7
2017-08-01,fashio_female_clothing,4,4,188.7
2017-08-01,cds_dvds_musicals,2,3,135.0
2017-08-01,home_construction,1,1,124.8
2017-08-01,drinks,2,2,119.9
2017-08-01,dvds_blu_ray,6,6,113.4
2017-08-01,agro_industry_and_commerce,1,4,88.0
2017-08-01,books_imported,1,1,61.0
2017-08-01,christmas_supplies,1,1,58.9
2017-08-01,home_comfort_2,2,3,38.7
2017-08-01,small_appliances_home_oven_and_coffee,1,1,21.9
2017-08-01,construction_tools_safety,1,1,8.9
2017-09-01,bed_bath_table,456,528,52105.61
2017-09-01,computers,39,40,51228.89
2017-09-01,health_beauty,356,376,50649.16
2017-09-01,sports_leisure,408,453,48972.11
2017-09-01,watches_gifts,251,264,44748.96
2017-09-01,cool_stuff,196,203,37547.47
2017-09-01,furniture_decor,270,343,30554.92
2017-09-01,toys,265,289,29606.83
2017-09-01,computers_accessories,211,247,28040.65
2017-09-01,baby,161,170,23232.45
2017-09-01,garden_tools,176,222,22028.43
2017-09-01,housewares,217,249,19941.56
2017-09-01,telephony,160,173,18278.37
2017-09-01,auto,96,107,14126.77
2017-09-01,perfumery,135,153,14051.3
2017-09-01,fixed_telephony,6,13,13692.91
2017-09-01,fashion_bags_accessories,101,122,11778.24
2017-09-01,small_appliances,29,30,10030.74
2017-09-01,office_furniture,36,60,9118.67
2017-09-01,pet_shop,62,71,8534.92
2017-09-01,musical_instruments,22,26,8507.4
2017-09-01,consoles_games,58,63,8150.57
2017-09-01,stationery,69,75,5851.52
2017-09-01,unknown,61,73,5774.15
2017-09-01,home_confort,26,33,4592.34
2017-09-01,electronics,65,67,4338.96
2017-09-01,luggage_accessories,41,42,3885.38
2017-09-01,agro_industry_and_commerce,3,4,1993.99
2017-09-01,home_appliances,10,10,1820.19
2017-09-01,air_conditioning,7,7,1629.15
2017-09-01,home_appliances_2,6,6,1627.8
2017-09-01,fashion_underwear_beach,14,16,1619.9
2017-09-01,home_construction,9,11,1357.81
2017-09-01,furniture_living_room,11,11,1275.87
2017-09-01,construction_tools_construction,7,10,1240.3
2017-09-01,fashion_male_clothing,10,16,1177.5
2017-09-01,market_place,11,11,1147.21
2017-09-01,construction_tools_safety,4,5,1124.54
2017-09-01,fashion_shoes,12,13,1099.7
2017-09-01,audio,10,10,1042.59
2017-09-01,books_technical,8,8,1001.35
2017-09-01,food,13,17,992.92
2017-09-01,books_general_interest,14,14,932.24
2017-09-01,costruction_tools_tools,3,3,916.89
2017-09-01,furniture_bedroom,3,4,709.6
2017-09-01,small_appliances_home_oven_and_coffee,1,1,640.99
2017-09-01,signaling_and_security,5,9,438.4
2017-09-01,kitchen_dining_laundry_garden_furniture,4,4,409.6
2017-09-01,art,3,3,388.54
2017-09-01,fashion_sport,2,5,384.6
2017-09-01,fashio_female_clothing,3,4,355.7
2017-09-01,food_drink,6,9,310.86
2017-09-01,books_imported,3,4,290.0
2017-09-01,party_supplies,1,2,269.8
2017-09-01,christmas_supplies,3,4,254.7
2017-09-01,costruction_tools_garden,4,5,251.6
2017-09-01,drinks,5,6,244.98
2017-09-01,tablets_printing_image,3,3,233.9
2017-09-01,construction_tools_lights,1,1,229.0
2017-09-01,industry_commerce_and_business,2,2,219.98
2017-09-01,security_and_services,1,1,100.0
2017-09-01,fashion_childrens_clothes,1,1,89.99
2017-09-01,furniture_mattress_and_upholstery,1,1,86.5
2017-09-01,cine_photo,1,1,69.0
2017-09-01,dvds_blu_ray,2,2,39.8
2017-09-01,home_comfort_2,1,1,12.9
2017-10-01,watches_gifts,282,308,64874.63
2017-10-01,sports_leisure,417,462,48568.98
2017-10-01,bed_bath_table,442,542,46007.7
2017-10-01,cool_stuff,242,254,44348.23
2017-10-01,computers_accessories,253,309,42009.38
2017-10-01,health_beauty,322,350,40698.99
2017-10-01,computers,26,27,40393.92
2017-10-01,toys,272,283,33324.42
2017-10-01,furniture_decor,266,375,30009.74
2017-10-01,garden_tools,213,280,25798.75
2017-10-01,auto,130,148,21419.39
2017-10-01,telephony,220,244,20859.18
2017-10-01,office_furniture,69,102,17890.83
2017-10-01,perfumery,175,187,16877.82
2017-10-01,baby,134,138,16497.5
2017-10-01,unknown,58,68,16321.27
2017-10-01,housewares,188,229,15883.68
2017-10-01,consoles_games,99,105,10380.72
2017-10-01,pet_shop,64,76,8243.58
2017-10-01,stationery,89,96,7697.17
2017-10-01,fashion_bags_accessories,93,108,7584.66
2017-10-01,small_appliances,30,32,6464.85
2017-10-01,musical_instruments,19,19,6329.26
2017-10-01,luggage_accessories,52,56,6240.34
2017-10-01,home_construction,15,18,4201.17
2017-10-01,fixed_telephony,6,7,3751.88
2017-10-01,home_confort,26,27,3619.8
2017-10-01,kitchen_dining_laundry_garden_furniture,14,16,3428.6
2017-10-01,electronics,55,62,3376.35
2017-10-01,agro_industry_and_commerce,5,5,3350.28
2017-10-01,construction_tools_construction,15,19,2576.18
2017-10-01,air_conditioning,9,12,2562.42
2017-10-01,audio,31,31,2328.58
2017-10-01,food_drink,15,17,2297.23
2017-10-01,industry_commerce_and_business,5,5,2256.69
2017-10-01,home_appliances_2,9,9,2104.27
2017-10-01,fashion_shoes,16,18,1860.92
2017-10-01,home_appliances,7,7,1837.68
2017-10-01,construction_tools_safety,9,12,1668.85
2017-10-01,furniture_living_room,13,19,1532.79
2017-10-01,market_place,10,11,1019.54
2017-10-01,costruction_tools_tools,5,5,1018.6
2017-10-01,fashion_male_clothing,8,10,971.9
2017-10-01,furniture_bedroom,3,3,943.9
2017-10-01,books_technical,6,6,880.0
2017-10-01,food,12,17,806.06
2017-10-01,costruction_tools_garden,8,9,746.9
2017-10-01,signaling_and_security,7,10,744.0
2017-10-01,books_general_interest,8,11,734.5
2017-10-01,drinks,10,12,596.98
2017-10-01,construction_tools_lights,2,2,500.0
2017-10-01,christmas_supplies,7,12,388.05
2017-10-01,art,3,3,349.05
2017-10-01,fashion_underwear_beach,3,3,187.8
2017-10-01,dvds_blu_ray,4,4,174.6
2017-10-01,party_supplies,2,2,137.8
2017-10-01,la_cuisine,1,1,137.0
2017-10-01,tablets_printing_image,1,1,99.0
2017-10-01,cine_photo,1,1,69.0
2017-10-01,home_comfort_2,3,5,64.5
2017-10-01,fashion_sport,1,1,59.9
2017-10-01,music,1,1,54.9
2017-10-01,cds_dvds_musicals,1,1,45.0
2017-10-01,fashion_childrens_clothes,1,1,39.99
2017-11-01,watches_gifts,424,463,95292.34
2017-11-01,bed_bath_table,804,961,87957.63
2017-11-01,health_beauty,519,573,78274.4
2017-11-01,computers_accessories,431,512,69676.32
2017-11-01,sports_leisure,542,597,62686.24
2017-11-01,toys,443,485,62611.26
2017-11-01,furniture_decor,536,767,62091.27
2017-11-01,cool_stuff,286,297,55696.66
2017-11-01,garden_tools,430,547,44275.18
2017-11-01,auto,242,260,34736.49
2017-11-01,housewares,345,412,33872.42
2017-11-01,perfumery,287,304,31612.13
2017-11-01,telephony,343,371,26117.63
2017-11-01,baby,184,197,21048.19
2017-11-01,office_furniture,75,101,17919.2
2017-11-01,stationery,149,163,16406.19
2017-11-01,musical_instruments,41,42,15776.89
2017-11-01,agro_industry_and_commerce,13,19,13932.49
2017-11-01,unknown,111,118,13786.55
2017-11-01,fashion_bags_accessories,178,193,12849.33
2017-11-01,consoles_games,123,128,11772.28
2017-11-01,pet_shop,82,97,11167.79
2017-11-01,electronics,163,182,9992.99
2017-11-01,computers,7,7,9768.0
2017-11-01,luggage_accessories,63,70,8301.15
2017-11-01,construction_tools_construction,36,47,6993.56
2017-11-01,small_appliances,27,28,6782.92
2017-11-01,furniture_living_room,29,39,6212.95
2017-11-01,home_confort,40,45,5355.39
2017-11-01,kitchen_dining_laundry_garden_furniture,28,33,5007.39
2017-11-01,home_construction,33,38,4936.72
2017-11-01,home_appliances_2,13,13,4854.93
2017-11-01,home_appliances,25,25,4515.94
2017-11-01,air_conditioning,16,19,4076.62
2017-11-01,audio,33,36,3677.23
2017-11-01,construction_tools_safety,12,14,3280.69
2017-11-01,books_general_interest,37,37,2630.97
2017-11-01,food_drink,28,33,2445.57
2017-11-01,construction_tools_lights,9,10,2199.48
2017-11-01,industry_commerce_and_business,6,6,1994.87
2017-11-01,fashion_shoes,17,19,1707.8
2017-11-01,market_place,11,16,1355.98
2017-11-01,christmas_supplies,18,22,1312.6
2017-11-01,fashion_underwear_beach,10,10,1221.6
2017-11-01,costruction_tools_garden,14,17,1218.5
2017-11-01,fixed_telephony,5,5,943.98
2017-11-01,fashion_male_clothing,10,11,880.99
2017-11-01,furniture_bedroom,3,3,873.0
2017-11-01,party_supplies,3,3,850.7
2017-11-01,books_technical,5,6,768.9
2017-11-01,drinks,14,18,674.12
2017-11-01,signaling_and_security,3,5,596.79
2017-11-01,food,10,14,498.09
2017-11-01,tablets_printing_image,6,6,350.4
2017-11-01,furniture_mattress_and_upholstery,2,2,334.0
2017-11-01,costruction_tools_tools,4,5,269.5
2017-11-01,books_imported,2,3,247.0
2017-11-01,cine_photo,1,1,242.0
2017-11-01,cds_dvds_musicals,3,3,195.0
2017-11-01,flowers,6,6,187.8
2017-11-01,la_cuisine,1,1,137.0
2017-11-01,dvds_blu_ray,3,3,79.79
2017-11-01,art,1,1,75.0
2017-11-01,fashio_female_clothing,2,2,59.98
2017-11-01,fashion_sport,1,1,59.9
2017-11-01,home_comfort_2,3,3,38.7
2017-12-01,watches_gifts,333,353,69556.92
2017-12-01,health_beauty,426,460,60688.75
2017-12-01,sports_leisure,431,484,58722.48
2017-12-01,toys,413,436,55064.56
2017-12-01,bed_bath_table,476,546,50081.16
2017-12-01,auto,238,263,39019.96
2017-12-01,cool_stuff,231,248,37515.57
2017-12-01,computers_accessories,249,284,37428.67
2017-12-01,furniture_decor,304,378,31073.09
2017-12-01,garden_tools,243,323,26795.69
2017-12-01,perfumery,225,233,26448.94
2017-12-01,housewares,243,288,25285.96
2017-12-01,stationery,229,248,24793.1
2017-12-01,baby,135,139,19658.48
2017-12-01,computers,19,23,16741.0
2017-12-01,unknown,132,137,15497.67
2017-12-01,telephony,237,260,12780.44
2017-12-01,musical_instruments,41,42,10823.5
2017-12-01,fashion_bags_accessories,123,134,9999.76
2017-12-01,consoles_games,87,92,8885.01
2017-12-01,electronics,189,209,8518.61
2017-12-01,small_appliances,26,27,7539.77
2017-12-01,pet_shop,69,72,7126.74
2017-12-01,office_furniture,38,48,6684.37
2017-12-01,home_construction,29,38,6525.3
2017-12-01,luggage_accessories,44,46,5969.21
2017-12-01,construction_tools_construction,22,27,5830.35
2017-12-01,agro_industry_and_commerce,9,11,5291.7
2017-12-01,kitchen_dining_laundry_garden_furniture,16,20,4277.3
2017-12-01,audio,17,17,2686.93
2017-12-01,books_general_interest,37,41,2352.2
2017-12-01,furniture_living_room,16,20,2316.01
2017-12-01,home_confort,14,14,2257.8
2017-12-01,drinks,31,34,2132.84
2017-12-01,home_appliances_2,8,8,1990.16
2017-12-01,industry_commerce_and_business,9,9,1828.5
2017-12-01,construction_tools_safety,7,7,1384.92
2017-12-01,home_appliances,16,16,1331.0
2017-12-01,fashion_underwear_beach,13,13,1173.1
2017-12-01,fashion_shoes,12,13,1099.0
2017-12-01,food_drink,18,21,1033.68
2017-12-01,fixed_telephony,5,5,998.77
2017-12-01,food,11,13,939.34
2017-12-01,costruction_tools_garden,6,6,928.9
2017-12-01,furniture_mattress_and_upholstery,8,8,803.7
2017-12-01,signaling_and_security,2,2,770.0
2017-12-01,market_place,13,14,703.25
2017-12-01,books_technical,4,4,670.69
2017-12-01,air_conditioning,3,3,668.8
2017-12-01,party_supplies,2,2,515.2
2017-12-01,christmas_supplies,14,16,493.9
2017-12-01,fashion_male_clothing,4,4,450.89
2017-12-01,tablets_printing_image,6,6,419.4
2017-12-01,costruction_tools_tools,6,6,349.4
2017-12-01,books_imported,3,3,231.0
2017-12-01,furniture_bedroom,1,1,185.0
2017-12-01,construction_tools_lights,2,2,176.0
2017-12-01,dvds_blu_ray,1,1,119.9
2017-12-01,art,3,3,115.25
2017-12-01,flowers,2,2,82.7
2017-12-01,diapers_and_hygiene,1,2,76.0
2017-12-01,cds_dvds_musicals,1,1,65.0
2017-12-01,fashion_sport,1,1,59.9
2018-01-01,sports_leisure,575,642,86172.83
2018-01-01,computers_accessories,574,688,80503.87
2018-01-01,bed_bath_table,689,836,75408.13
2018-01-01,watches_gifts,322,355,73521.24
2018-01-01,health_beauty,563,619,71405.6
2018-01-01,furniture_decor,467,595,53798.81
2018-01-01,stationery,368,385,39522.72
2018-01-01,cool_stuff,285,296,38942.41
2018-01-01,housewares,317,351,37446.74
2018-01-01,auto,243,267,35855.02
2018-01-01,baby,209,219,29833.88
2018-01-01,garden_tools,202,236,26793.06
2018-01-01,toys,154,161,21382.85
2018-01-01,unknown,171,193,20993.63
2018-01-01,perfumery,207,223,19555.37
2018-01-01,office_furniture,104,142,19485.42
2018-01-01,luggage_accessories,121,126,18546.32
2018-01-01,electronics,319,348,15884.28
2018-01-01,musical_instruments,49,51,15178.58
2018-01-01,telephony,343,368,14700.08
2018-01-01,small_appliances,50,53,14261.81
2018-01-01,pet_shop,76,89,10796.06
2018-01-01,construction_tools_construction,40,48,9664.18
2018-01-01,home_appliances_2,12,13,8630.1
2018-01-01,fashion_bags_accessories,116,125,7931.72
2018-01-01,consoles_games,50,51,7313.28
2018-01-01,computers,11,11,6851.0
2018-01-01,agro_industry_and_commerce,15,18,5853.44
2018-01-01,home_construction,27,40,5747.78
2018-01-01,kitchen_dining_laundry_garden_furniture,20,21,4838.5
2018-01-01,air_conditioning,22,29,4674.74
2018-01-01,costruction_tools_garden,21,24,3927.98
2018-01-01,audio,25,26,3820.28
2018-01-01,home_confort,18,18,3020.16
2018-01-01,industry_commerce_and_business,15,18,2681.1
2018-01-01,art,19,19,2540.77
2018-01-01,fixed_telephony,10,10,2444.1
2018-01-01,construction_tools_lights,6,7,2392.99
2018-01-01,furniture_living_room,22,22,2308.1
2018-01-01,construction_tools_safety,9,11,2228.89
2018-01-01,drinks,39,50,2227.61
2018-01-01,books_general_interest,40,44,2160.2
2018-01-01,home_appliances,26,27,1725.15
2018-01-01,books_technical,16,17,1176.55
2018-01-01,signaling_and_security,7,8,1048.79
2018-01-01,furniture_bedroom,5,5,914.8
2018-01-01,furniture_mattress_and_upholstery,9,9,860.5
2018-01-01,christmas_supplies,9,10,851.5
2018-01-01,food,18,19,829.56
2018-01-01,market_place,12,14,818.72
2018-01-01,fashion_underwear_beach,8,8,754.5
2018-01-01,fashion_shoes,7,9,666.7
2018-01-01,books_imported,6,6,583.0
2018-01-01,fashion_male_clothing,5,6,550.6
2018-01-01,costruction_tools_tools,8,8,532.3
2018-01-01,small_appliances_home_oven_and_coffee,1,1,369.99
2018-01-01,food_drink,10,11,341.17
2018-01-01,flowers,7,10,284.6
2018-01-01,cine_photo,2,2,199.98
2018-01-01,tablets_printing_image,3,3,161.8
2018-01-01,fashio_female_clothing,3,3,161.79
2018-01-01,party_supplies,2,2,135.8
2018-01-01,diapers_and_hygiene,1,5,125.0
2018-01-01,fashion_sport,2,2,119.8
2018-01-01,la_cuisine,1,1,112.0
2018-01-01,dvds_blu_ray,2,2,49.8
2018-01-01,music,1,1,24.97
2018-02-01,computers_accessories,791,971,100131.99
2018-02-01,health_beauty,595,650,84576.55
2018-02-01,sports_leisure,571,637,74540.95
2018-02-01,watches_gifts,304,324,60725.31
2018-02-01,bed_bath_table,588,685,60366.29
2018-02-01,auto,299,315,41048.51
2018-02-01,furniture_decor,336,422,38002.36
2018-02-01,housewares,334,391,34877.47
2018-02-01,cool_stuff,176,180,29772.25
2018-02-01,garden_tools,229,293,26489.13
2018-02-01,baby,165,172,25857.28
2018-02-01,perfumery,194,211,20372.0
2018-02-01,office_furniture,70,107,17287.89
2018-02-01,electronics,300,331,14764.7
2018-02-01,toys,130,139,14203.35
2018-02-01,telephony,328,354,13672.38
2018-02-01,unknown,107,117,12691.97
2018-02-01,consoles_games,50,51,11763.83
2018-02-01,stationery,131,145,10090.53
2018-02-01,fashion_bags_accessories,102,107,9786.63
2018-02-01,pet_shop,86,99,9218.24
2018-02-01,musical_instruments,39,44,9015.73
2018-02-01,home_appliances_2,21,21,8998.83
2018-02-01,construction_tools_construction,53,68,8991.07
2018-02-01,agro_industry_and_commerce,20,26,7385.3
2018-02-01,luggage_accessories,43,45,6423.55
2018-02-01,construction_tools_safety,7,8,5965.75
2018-02-01,home_appliances,47,48,5542.45
2018-02-01,small_appliances,30,32,5245.16
2018-02-01,home_construction,31,38,5225.9
2018-02-01,fixed_telephony,9,11,4738.68
2018-02-01,industry_commerce_and_business,29,37,4735.59
2018-02-01,kitchen_dining_laundry_garden_furniture,16,19,4621.16
2018-02-01,furniture_living_room,19,26,4402.78
2018-02-01,small_appliances_home_oven_and_coffee,5,5,3024.9
2018-02-01,home_confort,20,21,3012.76
2018-02-01,audio,15,15,2828.49
2018-02-01,air_conditioning,11,12,2626.89
2018-02-01,christmas_supplies,17,24,2059.65
2018-02-01,market_place,20,28,1920.92
2018-02-01,drinks,26,31,1919.95
2018-02-01,books_general_interest,28,28,1886.65
2018-02-01,food,30,38,1783.52
2018-02-01,construction_tools_lights,9,17,1610.8
2018-02-01,costruction_tools_garden,14,20,1538.25
2018-02-01,books_technical,23,26,1411.21
2018-02-01,costruction_tools_tools,11,12,1318.2
2018-02-01,art,11,12,1216.71
2018-02-01,fashion_shoes,10,11,1033.7
2018-02-01,food_drink,20,23,1018.3
2018-02-01,furniture_bedroom,6,7,895.8
2018-02-01,signaling_and_security,10,15,715.79
2018-02-01,tablets_printing_image,12,13,694.97
2018-02-01,fashion_underwear_beach,7,7,399.3
2018-02-01,fashion_male_clothing,3,3,388.09
2018-02-01,furniture_mattress_and_upholstery,5,5,344.7
2018-02-01,books_imported,3,3,325.0
2018-02-01,music,2,2,244.97
2018-02-01,cine_photo,2,2,227.99
2018-02-01,flowers,4,4,134.48
2018-02-01,pc_gamer,1,1,129.99
2018-02-01,diapers_and_hygiene,1,4,100.0
2018-02-01,home_comfort_2,2,3,38.7
2018-02-01,fashio_female_clothing,1,1,29.99
2018-02-01,dvds_blu_ray,1,1,24.9
2018-03-01,watches_gifts,407,421,95661.18
2018-03-01,computers_accessories,630,750,84708.39
2018-03-01,health_beauty,605,656,84488.57
2018-03-01,sports_leisure,645,732,81656.96
2018-03-01,bed_bath_table,652,777,67786.35
2018-03-01,furniture_decor,430,583,51319.97
2018-03-01,auto,317,336,44081.96
2018-03-01,baby,208,215,40818.75
2018-03-01,cool_stuff,239,253,37791.24
2018-03-01,housewares,322,390,35052.12
2018-03-01,office_furniture,149,200,30861.64
2018-03-01,garden_tools,199,253,26773.88
2018-03-01,telephony,320,334,24759.43
2018-03-01,toys,215,225,22817.55
2018-03-01,perfumery,182,198,20081.88
2018-03-01,unknown,125,133,16625.22
2018-03-01,small_appliances,34,35,13952.18
2018-03-01,pet_shop,108,122,13400.21
2018-03-01,stationery,145,163,12993.74
2018-03-01,electronics,237,254,12394.51
2018-03-01,consoles_games,53,57,11826.22
2018-03-01,audio,33,34,10606.69
2018-03-01,fashion_bags_accessories,129,137,10096.51
2018-03-01,home_appliances,70,70,9876.59
2018-03-01,construction_tools_construction,48,66,9446.58
2018-03-01,musical_instruments,49,53,8931.4
2018-03-01,small_appliances_home_oven_and_coffee,7,7,7890.9
2018-03-01,luggage_accessories,51,56,5851.77
2018-03-01,home_appliances_2,12,12,5648.2
2018-03-01,construction_tools_safety,13,22,5374.87
2018-03-01,home_construction,33,43,5250.51
2018-03-01,agro_industry_and_commerce,24,26,5161.0
2018-03-01,furniture_living_room,19,19,3521.87
2018-03-01,industry_commerce_and_business,26,29,2922.45
2018-03-01,kitchen_dining_laundry_garden_furniture,12,12,2842.66
2018-03-01,construction_tools_lights,12,13,2536.7
2018-03-01,home_confort,21,21,2522.38
2018-03-01,air_conditioning,23,24,2507.68
2018-03-01,food_drink,17,19,2350.77
2018-03-01,costruction_tools_garden,19,22,2087.23
2018-03-01,fixed_telephony,12,14,1930.59
2018-03-01,books_general_interest,33,38,1691.94
2018-03-01,food,33,35,1559.9
2018-03-01,market_place,16,17,1548.74
2018-03-01,furniture_bedroom,6,6,1071.8
2018-03-01,fashion_shoes,11,11,1053.1
2018-03-01,drinks,20,21,962.7
2018-03-01,costruction_tools_tools,8,9,931.3
2018-03-01,signaling_and_security,7,9,921.9
2018-03-01,party_supplies,5,6,913.9
2018-03-01,books_technical,17,17,913.47
2018-03-01,christmas_supplies,12,12,854.95
2018-03-01,cine_photo,6,7,711.79
2018-03-01,art,7,7,461.5
2018-03-01,furniture_mattress_and_upholstery,4,4,440.0
2018-03-01,la_cuisine,1,1,389.0
2018-03-01,music,2,2,323.97
2018-03-01,fashion_underwear_beach,5,5,289.4
2018-03-01,tablets_printing_image,2,3,259.29
2018-03-01,books_imported,2,3,259.0
2018-03-01,diapers_and_hygiene,1,5,125.0
2018-03-01,fashio_female_clothing,1,4,119.96
2018-03-01,fashion_sport,1,1,89.9
2018-03-01,flowers,3,3,89.67
2018-03-01,fashion_childrens_clothes,2,2,79.98
2018-03-01,dvds_blu_ray,2,2,49.8
2018-03-01,home_comfort_2,1,1,34.99
2018-04-01,health_beauty,619,685,91058.45
2018-04-01,watches_gifts,462,494,88623.07
2018-04-01,bed_bath_table,600,736,71379.61
2018-04-01,sports_leisure,520,586,65793.52
2018-04-01,computers_accessories,465,526,57370.9
2018-04-01,furniture_decor,458,586,56217.62
2018-04-01,auto,328,348,47989.41
2018-04-01,baby,215,237,47201.22
2018-04-01,housewares,411,462,44363.29
2018-04-01,cool_stuff,194,206,35025.41
2018-04-01,garden_tools,232,282,34526.04
2018-04-01,toys,193,202,23140.41
2018-04-01,home_appliances_2,23,23,20741.69
2018-04-01,office_furniture,86,131,19997.8
2018-04-01,musical_instruments,57,60,19375.31
2018-04-01,pet_shop,150,166,18282.97
2018-04-01,perfumery,159,174,17430.41
2018-04-01,telephony,245,279,16312.06
2018-04-01,home_appliances,104,104,15019.63
2018-04-01,computers,13,15,13774.92
2018-04-01,small_appliances_home_oven_and_coffee,13,13,13211.99
2018-04-01,construction_tools_construction,76,90,12933.83
2018-04-01,small_appliances,60,66,12071.76
2018-04-01,stationery,128,152,11263.45
2018-04-01,electronics,201,212,10840.23
2018-04-01,home_construction,58,75,9204.65
2018-04-01,luggage_accessories,53,57,8680.48
2018-04-01,fashion_bags_accessories,92,102,8218.85
2018-04-01,unknown,72,74,7987.9
2018-04-01,audio,30,31,7045.07
2018-04-01,books_general_interest,42,49,6274.51
2018-04-01,industry_commerce_and_business,48,53,5690.61
2018-04-01,consoles_games,37,40,5511.05
2018-04-01,furniture_living_room,24,33,5041.83
2018-04-01,drinks,29,54,5016.44
2018-04-01,construction_tools_lights,37,47,4962.67
2018-04-01,agro_industry_and_commerce,12,12,4500.7
2018-04-01,air_conditioning,22,23,3261.79
2018-04-01,kitchen_dining_laundry_garden_furniture,18,19,3110.57
2018-04-01,construction_tools_safety,23,24,2887.26
2018-04-01,signaling_and_security,22,36,2222.3
2018-04-01,art,26,26,2140.28
2018-04-01,home_confort,15,18,1939.4
2018-04-01,fixed_telephony,10,11,1921.94
2018-04-01,music,5,5,1696.86
2018-04-01,food,36,40,1665.43
2018-04-01,fashion_shoes,11,11,1438.7
2018-04-01,costruction_tools_tools,16,17,1332.99
2018-04-01,costruction_tools_garden,12,18,1326.79
2018-04-01,furniture_bedroom,6,7,1301.9
2018-04-01,books_technical,23,23,1172.1
2018-04-01,market_place,15,15,627.23
2018-04-01,food_drink,16,18,605.07
2018-04-01,cine_photo,5,5,521.74
2018-04-01,fashion_underwear_beach,6,6,359.4
2018-04-01,books_imported,4,4,317.99
2018-04-01,la_cuisine,1,2,280.0
2018-04-01,christmas_supplies,9,12,275.15
2018-04-01,fashion_male_clothing,1,1,195.0
2018-04-01,fashio_female_clothing,1,5,174.95
2018-04-01,flowers,3,3,158.4
2018-04-01,diapers_and_hygiene,4,4,149.0
2018-04-01,dvds_blu_ray,4,5,92.5
2018-04-01,fashion_sport,1,1,89.9
2018-04-01,cds_dvds_musicals,1,1,65.0
2018-04-01,tablets_printing_image,1,1,52.0
2018-04-01,party_supplies,1,2,43.8
2018-04-01,arts_and_craftmanship,1,1,15.99
2018-04-01,home_comfort_2,1,1,12.9
2018-05-01,watches_gifts,585,625,119364.98
2018-05-01,health_beauty,669,751,94534.38
2018-05-01,bed_bath_table,600,740,71265.07
2018-05-01,housewares,492,618,62824.57
2018-05-01,sports_leisure,449,489,59209.92
2018-05-01,furniture_decor,456,597,53706.45
2018-05-01,computers_accessories,399,453,50631.83
2018-05-01,auto,295,308,40851.44
2018-05-01,garden_tools,227,288,37700.79
2018-05-01,baby,218,239,33253.65
2018-05-01,toys,211,218,31538.41
2018-05-01,cool_stuff,168,175,29949.12
2018-05-01,perfumery,179,197,24482.7
2018-05-01,office_furniture,82,104,20835.87
2018-05-01,construction_tools_construction,89,125,20748.6
2018-05-01,telephony,237,250,18944.28
2018-05-01,musical_instruments,59,61,18757.07
2018-05-01,electronics,219,231,16176.79
2018-05-01,home_appliances_2,23,23,14441.24
2018-05-01,stationery,124,130,12923.39
2018-05-01,pet_shop,127,136,11708.46
2018-05-01,fashion_bags_accessories,104,110,11490.17
2018-05-01,small_appliances,39,48,10620.99
2018-05-01,small_appliances_home_oven_and_coffee,9,9,10161.6
2018-05-01,home_construction,63,79,10155.28
2018-05-01,computers,6,13,8699.92
2018-05-01,luggage_accessories,44,49,6618.46
2018-05-01,home_appliances,63,64,6149.67
2018-05-01,construction_tools_safety,21,22,6045.01
2018-05-01,books_general_interest,48,50,5925.13
2018-05-01,consoles_games,38,52,5279.27
2018-05-01,construction_tools_lights,30,38,4354.81
2018-05-01,industry_commerce_and_business,34,40,3780.99
2018-05-01,agro_industry_and_commerce,8,8,3279.75
2018-05-01,unknown,37,42,3097.04
2018-05-01,books_technical,54,55,3040.53
2018-05-01,furniture_living_room,13,16,2721.08
2018-05-01,home_confort,18,21,2708.7
2018-05-01,audio,20,21,2697.68
2018-05-01,drinks,33,47,2505.99
2018-05-01,art,33,34,2491.97
2018-05-01,kitchen_dining_laundry_garden_furniture,10,13,2310.09
2018-05-01,cine_photo,16,17,2108.29
2018-05-01,portateis_cozinha_e_preparadores_de_alimentos,2,2,1958.0
2018-05-01,air_conditioning,13,14,1851.3
2018-05-01,fixed_telephony,11,16,1846.2
2018-05-01,fashion_shoes,10,10,1582.7
2018-05-01,food,36,44,1542.93
2018-05-01,furniture_bedroom,5,6,1484.98
2018-05-01,food_drink,15,25,1239.44
2018-05-01,costruction_tools_garden,13,16,1073.28
2018-05-01,market_place,13,14,957.45
2018-05-01,music,5,5,729.0
2018-05-01,signaling_and_security,6,7,683.5
2018-05-01,christmas_supplies,6,6,524.53
2018-05-01,dvds_blu_ray,6,7,439.94
2018-05-01,costruction_tools_tools,5,5,417.9
2018-05-01,books_imported,9,10,410.92
2018-05-01,fashion_underwear_beach,5,6,207.4
2018-05-01,fashion_male_clothing,1,1,129.99
2018-05-01,diapers_and_hygiene,3,3,117.0
2018-05-01,party_supplies,3,4,100.7
2018-05-01,arts_and_craftmanship,1,1,89.8
2018-05-01,tablets_printing_image,1,1,49.9
2018-05-01,flowers,1,1,16.4
2018-06-01,health_beauty,790,875,106745.72
2018-06-01,watches_gifts,444,477,85027.57
2018-06-01,bed_bath_table,649,764,70857.08
2018-06-01,housewares,464,577,55912.61
2018-06-01,auto,268,295,44962.59
2018-06-01,sports_leisure,371,419,44916.01
2018-06-01,furniture_decor,316,402,42042.22
2018-06-01,computers_accessories,352,401,41806.37
2018-06-01,baby,205,223,30550.32
2018-06-01,perfumery,166,186,26963.93
2018-06-01,construction_tools_construction,108,113,22947.72
2018-06-01,telephony,202,216,22669.86
2018-06-01,toys,176,190,21094.95
2018-06-01,pet_shop,151,178,19491.78
2018-06-01,cool_stuff,100,103,19316.37
2018-06-01,garden_tools,148,184,17948.72
2018-06-01,musical_instruments,46,47,16177.92
2018-06-01,small_appliances,43,49,15431.63
2018-06-01,computers,8,13,13127.0
2018-06-01,stationery,145,167,12859.08
2018-06-01,office_furniture,59,76,12125.58
2018-06-01,electronics,174,191,9664.57
2018-06-01,home_construction,60,71,9094.59
2018-06-01,home_appliances_2,18,19,8312.72
2018-06-01,fashion_bags_accessories,82,87,7869.95
2018-06-01,consoles_games,41,43,6903.01
2018-06-01,signaling_and_security,18,27,5863.18
2018-06-01,home_appliances,65,65,5830.38
2018-06-01,luggage_accessories,36,36,5070.88
2018-06-01,construction_tools_lights,35,44,4583.41
2018-06-01,air_conditioning,9,15,3567.9
2018-06-01,furniture_living_room,27,29,3541.62
2018-06-01,kitchen_dining_laundry_garden_furniture,21,29,3538.43
2018-06-01,agro_industry_and_commerce,10,10,3515.8
2018-06-01,small_appliances_home_oven_and_coffee,3,3,3499.0
2018-06-01,books_general_interest,32,38,3275.49
2018-06-01,industry_commerce_and_business,21,26,2609.9
2018-06-01,construction_tools_safety,16,16,2565.37
2018-06-01,art,28,28,2500.14
2018-06-01,unknown,22,23,2387.13
2018-06-01,home_confort,16,16,2386.49
2018-06-01,fixed_telephony,15,17,2080.32
2018-06-01,audio,19,20,1830.69
2018-06-01,books_technical,26,26,1747.43
2018-06-01,drinks,30,33,1567.07
2018-06-01,furniture_bedroom,8,9,1559.99
2018-06-01,food,24,24,1371.18
2018-06-01,fashion_shoes,10,10,1230.58
2018-06-01,costruction_tools_garden,11,11,799.44
2018-06-01,market_place,7,7,556.46
2018-06-01,costruction_tools_tools,4,4,527.0
2018-06-01,books_imported,9,9,468.17
2018-06-01,fashion_male_clothing,6,7,447.8
2018-06-01,cine_photo,9,13,435.85
2018-06-01,dvds_blu_ray,5,6,382.88
2018-06-01,diapers_and_hygiene,7,7,321.0
2018-06-01,christmas_supplies,6,7,306.19
2018-06-01,food_drink,9,11,293.85
2018-06-01,fashion_underwear_beach,3,7,129.3
2018-06-01,music,3,3,109.08
2018-06-01,flowers,1,2,108.0
2018-06-01,fashion_childrens_clothes,1,1,89.99
2018-06-01,party_supplies,2,2,84.8
2018-06-01,tablets_printing_image,1,1,50.0
2018-06-01,home_comfort_2,1,2,25.8
2018-07-01,health_beauty,699,770,103524.22
2018-07-01,watches_gifts,507,521,95164.79
2018-07-01,housewares,462,564,62583.3
2018-07-01,bed_bath_table,511,617,54405.23
2018-07-01,sports_leisure,410,460,54015.89
2018-07-01,furniture_decor,343,436,45393.59
2018-07-01,auto,324,341,43466.79
2018-07-01,computers_accessories,381,418,41063.31
2018-07-01,telephony,202,221,26492.68
2018-07-01,garden_tools,152,177,25639.88
2018-07-01,baby,206,214,21834.12
2018-07-01,cool_stuff,113,115,21152.01
2018-07-01,perfumery,168,199,20645.97
2018-07-01,pet_shop,138,158,19343.85
2018-07-01,stationery,168,190,17217.19
2018-07-01,toys,148,154,17022.0
2018-07-01,construction_tools_construction,98,115,15237.47
2018-07-01,office_furniture,62,80,13225.28
2018-07-01,home_appliances_2,22,23,12597.32
2018-07-01,computers,8,8,11239.0
2018-07-01,fixed_telephony,8,11,9319.39
2018-07-01,electronics,142,151,9270.95
2018-07-01,consoles_games,49,49,8519.11
2018-07-01,small_appliances,35,42,8161.35
2018-07-01,musical_instruments,32,36,7871.93
2018-07-01,construction_tools_lights,40,55,7249.61
2018-07-01,furniture_living_room,49,54,6706.64
2018-07-01,home_construction,57,60,6700.25
2018-07-01,agro_industry_and_commerce,26,27,6669.82
2018-07-01,fashion_bags_accessories,74,74,6071.07
2018-07-01,luggage_accessories,53,54,5821.72
2018-07-01,costruction_tools_tools,10,12,5501.2
2018-07-01,home_appliances,78,78,5173.03
2018-07-01,small_appliances_home_oven_and_coffee,14,15,4699.67
2018-07-01,industry_commerce_and_business,13,14,4697.21
2018-07-01,unknown,42,47,4612.0
2018-07-01,books_general_interest,25,25,4077.45
2018-07-01,signaling_and_security,19,29,3785.19
2018-07-01,kitchen_dining_laundry_garden_furniture,20,22,3736.95
2018-07-01,food,59,64,3378.17
2018-07-01,home_confort,23,23,2906.48
2018-07-01,air_conditioning,15,17,2657.86
2018-07-01,audio,21,22,2062.64
2018-07-01,books_technical,26,26,1994.93
2018-07-01,costruction_tools_garden,19,22,1922.66
2018-07-01,construction_tools_safety,15,15,1888.95
2018-07-01,art,21,21,1843.2
2018-07-01,furniture_bedroom,7,10,1386.9
2018-07-01,drinks,16,16,1260.17
2018-07-01,cine_photo,7,7,1178.54
2018-07-01,music,3,3,849.3
2018-07-01,fashion_shoes,5,5,820.19
2018-07-01,food_drink,14,17,778.73
2018-07-01,arts_and_craftmanship,10,11,654.57
2018-07-01,christmas_supplies,8,8,509.56
2018-07-01,pc_gamer,1,2,438.0
2018-07-01,books_imported,5,7,357.79
2018-07-01,fashion_male_clothing,5,5,208.7
2018-07-01,market_place,4,4,186.78
2018-07-01,portateis_cozinha_e_preparadores_de_alimentos,7,8,172.03
2018-07-01,furniture_mattress_and_upholstery,1,1,129.9
2018-07-01,diapers_and_hygiene,3,3,121.0
2018-07-01,fashion_underwear_beach,2,2,109.8
2018-07-01,dvds_blu_ray,1,1,83.99
2018-07-01,party_supplies,2,2,57.5
2018-07-01,flowers,2,2,47.99
2018-07-01,home_comfort_2,2,3,38.7
2018-08-01,health_beauty,765,835,119391.01
2018-08-01,watches_gifts,387,411,69767.06
2018-08-01,bed_bath_table,555,655,60891.09
2018-08-01,housewares,549,616,58763.36
2018-08-01,sports_leisure,432,471,50860.18
2018-08-01,auto,345,370,45032.58
2018-08-01,furniture_decor,341,430,41168.55
2018-08-01,computers_accessories,380,415,40052.64
2018-08-01,telephony,240,271,36572.91
2018-08-01,perfumery,203,218,24839.74
2018-08-01,pet_shop,166,198,24608.07
2018-08-01,construction_tools_construction,124,162,22917.16
2018-08-01,baby,201,212,21266.57
2018-08-01,toys,151,165,16923.75
2018-08-01,garden_tools,120,136,16314.7
2018-08-01,cool_stuff,116,119,15794.89
2018-08-01,stationery,158,169,15445.65
2018-08-01,electronics,114,119,10739.57
2018-08-01,musical_instruments,39,41,10519.34
2018-08-01,computers,10,12,8711.5
2018-08-01,construction_tools_lights,56,62,8212.53
2018-08-01,food,102,115,8174.18
2018-08-01,fashion_bags_accessories,121,126,8127.53
2018-08-01,home_appliances_2,14,14,7532.76
2018-08-01,office_furniture,24,30,6758.87
2018-08-01,luggage_accessories,62,64,6599.75
2018-08-01,home_appliances,62,63,6443.85
2018-08-01,home_construction,44,48,6286.16
2018-08-01,small_appliances,23,23,6168.06
2018-08-01,furniture_living_room,38,40,5223.34
2018-08-01,agro_industry_and_commerce,14,18,5021.09
2018-08-01,consoles_games,53,59,4381.31
2018-08-01,construction_tools_safety,21,25,3970.22
2018-08-01,costruction_tools_garden,19,23,3688.76
2018-08-01,air_conditioning,17,21,3556.9
2018-08-01,small_appliances_home_oven_and_coffee,17,17,2996.72
2018-08-01,fixed_telephony,10,10,2724.17
2018-08-01,industry_commerce_and_business,9,10,2364.69
2018-08-01,home_confort,15,16,2241.28
2018-08-01,unknown,29,31,2199.05
2018-08-01,furniture_bedroom,10,12,2197.0
2018-08-01,audio,24,26,2069.4
2018-08-01,kitchen_dining_laundry_garden_furniture,19,20,2011.47
2018-08-01,signaling_and_security,16,22,1825.59
2018-08-01,portateis_cozinha_e_preparadores_de_alimentos,4,4,1803.6
2018-08-01,books_general_interest,34,36,1564.78
2018-08-01,books_technical,28,29,1483.79
2018-08-01,art,18,18,1481.39
2018-08-01,drinks,24,27,1423.26
2018-08-01,party_supplies,14,14,1285.29
2018-08-01,costruction_tools_tools,14,14,1255.77
2018-08-01,food_drink,16,21,1028.61
2018-08-01,market_place,8,8,949.27
2018-08-01,arts_and_craftmanship,9,9,901.76
2018-08-01,books_imported,1,1,749.0
2018-08-01,cine_photo,8,9,595.29
2018-08-01,christmas_supplies,10,10,529.37
2018-08-01,music,6,6,497.81
2018-08-01,fashion_shoes,3,3,471.3
2018-08-01,fashion_male_clothing,3,3,381.69
2018-08-01,diapers_and_hygiene,3,3,231.89
2018-08-01,pc_gamer,1,1,219.0
2018-08-01,fashion_underwear_beach,1,1,160.0
2018-08-01,fashio_female_clothing,2,3,129.97
2018-08-01,fashion_sport,1,1,69.9
2018-08-01,dvds_blu_ray,1,1,8.9
